Order_ID,Order_Date,Customer_ID,Customer_Name,Category,Product,Quantity,Unit_Price,Sales
10001,2025-07-22,C1084,Customer_7,Furniture,Chair,2,5500,11000
10002,2025-02-18,C1047,Customer_75,Electronics,Laptop,5,65000,325000
10003,2025-04-20,C1005,Customer_12,Electronics,Laptop,5,65000,325000
10004,2025-02-05,C1031,Customer_12,Office,Printer,4,15000,60000
10005,2025-10-17,C1016,Customer_29,Office,Printer,1,15000,15000
10006,2025-10-27,C1051,Customer_7,Electronics,Laptop,5,65000,325000
10007,2025-10-13,C1018,Customer_38,Electronics,Phone,1,30000,30000
10008,2025-10-04,C1016,Customer_74,Office,Printer,2,15000,30000
10009,2025-12-16,C1024,Customer_14,Furniture,Chair,5,5500,27500
10010,2025-02-19,C1071,Customer_92,Electronics,Phone,3,30000,90000
10011,2025-01-31,C1080,Customer_27,Electronics,Laptop,5,65000,325000
10012,2025-08-07,C1100,Customer_41,Office,Printer,5,15000,75000
10013,2025-08-21,C1047,Customer_39,Office,Printer,5,15000,75000
10014,2025-12-24,C1100,Customer_32,Electronics,Phone,2,30000,60000
10015,2025-06-03,C1068,Customer_64,Electronics,Laptop,5,65000,325000
10016,2025-05-28,C1078,Customer_10,Furniture,Chair,4,5500,22000
10017,2025-08-03,C1022,Customer_97,Electronics,Laptop,5,65000,325000
10018,2025-09-08,C1054,Customer_6,Furniture,Chair,2,5500,11000
10019,2025-10-21,C1041,Customer_44,Electronics,Laptop,5,65000,325000
10020,2025-09-12,C1075,Customer_59,Furniture,Chair,5,5500,27500
10021,2025-05-19,C1061,Customer_90,Electronics,Laptop,1,65000,65000
10022,2025-12-26,C1040,Customer_83,Electronics,Laptop,1,65000,65000
10023,2025-07-17,C1086,Customer_45,Office,Printer,3,15000,45000
10024,2025-07-01,C1022,Customer_79,Electronics,Laptop,4,65000,260000
10025,2025-01-31,C1028,Customer_99,Electronics,Laptop,4,65000,260000
10026,2025-05-07,C1051,Customer_51,Furniture,Chair,2,5500,11000
10027,2025-03-27,C1058,Customer_52,Office,Printer,1,15000,15000
10028,2025-08-09,C1071,Customer_36,Furniture,Chair,2,5500,11000
10029,2025-12-16,C1049,Customer_30,Office,Printer,3,15000,45000
10030,2025-04-01,C1020,Customer_30,Electronics,Phone,1,30000,30000
10031,2025-09-06,C1076,Customer_24,Electronics,Phone,1,30000,30000
10032,2025-01-03,C1019,Customer_54,Furniture,Chair,3,5500,16500
10033,2025-10-17,C1041,Customer_17,Furniture,Chair,5,5500,27500
10034,2025-12-15,C1072,Customer_51,Electronics,Laptop,4,65000,260000
10035,2025-07-21,C1014,Customer_62,Office,Printer,4,15000,60000
10036,2025-04-08,C1009,Customer_27,Office,Printer,1,15000,15000
10037,2025-02-26,C1044,Customer_77,Office,Printer,2,15000,30000
10038,2025-01-01,C1073,Customer_20,Electronics,Laptop,1,65000,65000
10039,2025-11-11,C1004,Customer_10,Electronics,Laptop,3,65000,195000
10040,2025-07-12,C1020,Customer_82,Electronics,Phone,5,30000,150000
10041,2025-11-05,C1047,Customer_61,Furniture,Chair,3,5500,16500
10042,2025-09-07,C1060,Customer_62,Electronics,Laptop,1,65000,65000
10043,2025-02-13,C1019,Customer_14,Office,Printer,3,15000,45000
10044,2025-09-03,C1089,Customer_21,Furniture,Chair,3,5500,16500
10045,2025-09-28,C1047,Customer_19,Electronics,Laptop,2,65000,130000
10046,2025-06-02,C1083,Customer_12,Electronics,Laptop,5,65000,325000
10047,2025-07-07,C1022,Customer_46,Furniture,Chair,5,5500,27500
10048,2025-10-05,C1100,Customer_65,Electronics,Phone,5,30000,150000
10049,2025-11-10,C1098,Customer_25,Furniture,Chair,2,5500,11000
10050,2025-04-27,C1026,Customer_67,Electronics,Phone,4,30000,120000
10051,2025-01-15,C1004,Customer_36,Office,Printer,3,15000,45000
10052,2025-04-10,C1089,Customer_78,Office,Printer,3,15000,45000
10053,2025-06-28,C1047,Customer_11,Furniture,Chair,4,5500,22000
10054,2025-04-27,C1061,Customer_26,Electronics,Phone,1,30000,30000
10055,2025-09-05,C1080,Customer_79,Furniture,Chair,2,5500,11000
10056,2025-12-01,C1045,Customer_83,Electronics,Laptop,4,65000,260000
10057,2025-07-18,C1092,Customer_97,Electronics,Laptop,1,65000,65000
10058,2025-04-02,C1056,Customer_82,Electronics,Phone,4,30000,120000
10059,2025-07-22,C1060,Customer_52,Furniture,Chair,1,5500,5500
10060,2025-03-29,C1017,Customer_4,Electronics,Laptop,2,65000,130000
10061,2025-08-27,C1084,Customer_19,Electronics,Phone,5,30000,150000
10062,2025-03-21,C1071,Customer_71,Office,Printer,3,15000,45000
10063,2025-01-08,C1093,Customer_84,Electronics,Phone,1,30000,30000
10064,2025-03-13,C1056,Customer_25,Electronics,Laptop,5,65000,325000
10065,2025-05-09,C1028,Customer_38,Electronics,Phone,1,30000,30000
10066,2025-06-16,C1034,Customer_70,Electronics,Phone,5,30000,150000
10067,2025-02-01,C1095,Customer_46,Office,Printer,2,15000,30000
10068,2025-09-22,C1054,Customer_65,Office,Printer,5,15000,75000
10069,2025-03-19,C1068,Customer_66,Electronics,Phone,5,30000,150000
10070,2025-04-04,C1078,Customer_1,Electronics,Laptop,4,65000,260000
10071,2025-03-14,C1061,Customer_80,Electronics,Phone,2,30000,60000
10072,2025-02-01,C1042,Customer_88,Electronics,Laptop,5,65000,325000
10073,2025-10-14,C1008,Customer_32,Office,Printer,1,15000,15000
10074,2025-01-22,C1099,Customer_13,Electronics,Phone,3,30000,90000
10075,2025-01-15,C1098,Customer_9,Office,Printer,5,15000,75000
10076,2025-11-10,C1065,Customer_78,Office,Printer,3,15000,45000
10077,2025-08-20,C1066,Customer_69,Electronics,Phone,3,30000,90000
10078,2025-05-07,C1090,Customer_67,Office,Printer,5,15000,75000
10079,2025-04-14,C1058,Customer_18,Furniture,Chair,5,5500,27500
10080,2025-07-20,C1057,Customer_41,Office,Printer,1,15000,15000
10081,2025-08-08,C1010,Customer_28,Electronics,Laptop,2,65000,130000
10082,2025-03-21,C1092,Customer_83,Furniture,Chair,1,5500,5500
10083,2025-05-10,C1018,Customer_60,Furniture,Chair,2,5500,11000
10084,2025-07-23,C1063,Customer_21,Electronics,Phone,1,30000,30000
10085,2025-12-28,C1056,Customer_66,Electronics,Phone,2,30000,60000
10086,2025-08-04,C1026,Customer_46,Office,Printer,3,15000,45000
10087,2025-07-07,C1003,Customer_44,Furniture,Chair,1,5500,5500
10088,2025-12-27,C1003,Customer_50,Office,Printer,4,15000,60000
10089,2025-11-16,C1038,Customer_66,Furniture,Chair,5,5500,27500
10090,2025-04-28,C1014,Customer_11,Electronics,Laptop,1,65000,65000
10091,2025-01-21,C1100,Customer_24,Furniture,Chair,3,5500,16500
10092,2025-08-05,C1087,Customer_34,Furniture,Chair,2,5500,11000
10093,2025-10-02,C1066,Customer_74,Office,Printer,2,15000,30000
10094,2025-02-15,C1036,Customer_8,Office,Printer,3,15000,45000
10095,2025-02-07,C1035,Customer_3,Electronics,Phone,4,30000,120000
10096,2025-02-12,C1078,Customer_29,Electronics,Laptop,3,65000,195000
10097,2025-03-04,C1059,Customer_2,Electronics,Laptop,3,65000,195000
10098,2025-08-02,C1035,Customer_80,Furniture,Chair,5,5500,27500
10099,2025-09-27,C1091,Customer_31,Electronics,Phone,1,30000,30000
10100,2025-05-15,C1007,Customer_24,Electronics,Laptop,2,65000,130000
10101,2025-11-18,C1040,Customer_68,Electronics,Phone,3,30000,90000
10102,2025-08-17,C1065,Customer_87,Electronics,Phone,3,30000,90000
10103,2025-06-27,C1003,Customer_33,Electronics,Phone,3,30000,90000
10104,2025-01-10,C1094,Customer_65,Electronics,Laptop,1,65000,65000
10105,2025-09-01,C1032,Customer_58,Electronics,Phone,5,30000,150000
10106,2025-12-03,C1064,Customer_70,Electronics,Laptop,4,65000,260000
10107,2025-06-07,C1089,Customer_28,Office,Printer,5,15000,75000
10108,2025-04-12,C1091,Customer_94,Electronics,Phone,3,30000,90000
10109,2025-06-27,C1007,Customer_17,Electronics,Phone,4,30000,120000
10110,2025-11-17,C1095,Customer_33,Electronics,Laptop,1,65000,65000
10111,2025-01-29,C1011,Customer_86,Office,Printer,2,15000,30000
10112,2025-12-10,C1037,Customer_77,Office,Printer,5,15000,75000
10113,2025-01-24,C1059,Customer_24,Electronics,Phone,3,30000,90000
10114,2025-08-17,C1001,Customer_34,Electronics,Phone,3,30000,90000
10115,2025-10-08,C1042,Customer_32,Furniture,Chair,3,5500,16500
10116,2025-04-22,C1046,Customer_24,Electronics,Laptop,3,65000,195000
10117,2025-07-15,C1011,Customer_61,Electronics,Laptop,3,65000,195000
10118,2025-12-02,C1026,Customer_32,Furniture,Chair,5,5500,27500
10119,2025-05-16,C1012,Customer_19,Electronics,Laptop,1,65000,65000
10120,2025-01-22,C1051,Customer_3,Office,Printer,5,15000,75000
10121,2025-11-19,C1030,Customer_11,Furniture,Chair,3,5500,16500
10122,2025-07-19,C1098,Customer_42,Electronics,Phone,5,30000,150000
10123,2025-05-26,C1093,Customer_80,Office,Printer,2,15000,30000
10124,2025-09-20,C1081,Customer_55,Electronics,Phone,1,30000,30000
10125,2025-09-16,C1073,Customer_3,Electronics,Phone,5,30000,150000
10126,2025-01-16,C1006,Customer_18,Electronics,Phone,1,30000,30000
10127,2025-07-12,C1058,Customer_72,Furniture,Chair,1,5500,5500
10128,2025-11-17,C1069,Customer_88,Electronics,Laptop,1,65000,65000
10129,2025-05-16,C1001,Customer_59,Electronics,Phone,4,30000,120000
10130,2025-10-02,C1012,Customer_85,Electronics,Laptop,5,65000,325000
10131,2025-05-10,C1010,Customer_34,Electronics,Laptop,4,65000,260000
10132,2025-04-29,C1095,Customer_84,Electronics,Phone,2,30000,60000
10133,2025-07-15,C1010,Customer_62,Office,Printer,4,15000,60000
10134,2025-11-12,C1081,Customer_83,Furniture,Chair,1,5500,5500
10135,2025-11-04,C1019,Customer_43,Electronics,Phone,1,30000,30000
10136,2025-11-15,C1073,Customer_18,Furniture,Chair,3,5500,16500
10137,2025-02-01,C1063,Customer_35,Electronics,Laptop,4,65000,260000
10138,2025-12-12,C1063,Customer_38,Electronics,Laptop,2,65000,130000
10139,2025-08-27,C1060,Customer_99,Furniture,Chair,4,5500,22000
10140,2025-04-13,C1040,Customer_11,Electronics,Laptop,5,65000,325000
10141,2025-05-29,C1059,Customer_10,Office,Printer,1,15000,15000
10142,2025-07-18,C1027,Customer_27,Office,Printer,3,15000,45000
10143,2025-02-16,C1019,Customer_96,Electronics,Laptop,5,65000,325000
10144,2025-03-09,C1078,Customer_81,Furniture,Chair,3,5500,16500
10145,2025-12-27,C1047,Customer_30,Furniture,Chair,1,5500,5500
10146,2025-07-21,C1004,Customer_21,Office,Printer,4,15000,60000
10147,2025-12-15,C1058,Customer_52,Electronics,Laptop,4,65000,260000
10148,2025-08-02,C1045,Customer_49,Furniture,Chair,2,5500,11000
10149,2025-06-19,C1001,Customer_42,Furniture,Chair,1,5500,5500
10150,2025-03-03,C1026,Customer_92,Furniture,Chair,4,5500,22000
10151,2025-05-10,C1048,Customer_9,Electronics,Laptop,3,65000,195000
10152,2025-10-29,C1010,Customer_47,Office,Printer,4,15000,60000
10153,2025-01-25,C1036,Customer_14,Office,Printer,3,15000,45000
10154,2025-11-22,C1020,Customer_32,Electronics,Laptop,3,65000,195000
10155,2025-09-19,C1041,Customer_25,Furniture,Chair,4,5500,22000
10156,2025-01-15,C1098,Customer_81,Furniture,Chair,4,5500,22000
10157,2025-10-09,C1027,Customer_93,Office,Printer,5,15000,75000
10158,2025-07-30,C1058,Customer_79,Electronics,Laptop,1,65000,65000
10159,2025-09-06,C1007,Customer_71,Electronics,Phone,3,30000,90000
10160,2025-08-30,C1054,Customer_44,Electronics,Phone,2,30000,60000
10161,2025-05-11,C1095,Customer_95,Furniture,Chair,3,5500,16500
10162,2025-12-02,C1031,Customer_39,Furniture,Chair,4,5500,22000
10163,2025-12-09,C1051,Customer_16,Office,Printer,5,15000,75000
10164,2025-02-08,C1027,Customer_65,Electronics,Phone,2,30000,60000
10165,2025-04-23,C1058,Customer_43,Office,Printer,5,15000,75000
10166,2025-03-13,C1071,Customer_25,Office,Printer,4,15000,60000
10167,2025-03-31,C1044,Customer_72,Electronics,Phone,1,30000,30000
10168,2025-05-03,C1048,Customer_34,Electronics,Laptop,3,65000,195000
10169,2025-07-31,C1050,Customer_53,Electronics,Phone,1,30000,30000
10170,2025-05-19,C1044,Customer_97,Electronics,Phone,4,30000,120000
10171,2025-05-23,C1074,Customer_47,Electronics,Laptop,4,65000,260000
10172,2025-09-28,C1081,Customer_28,Electronics,Phone,5,30000,150000
10173,2025-05-08,C1050,Customer_52,Electronics,Laptop,3,65000,195000
10174,2025-06-09,C1003,Customer_17,Office,Printer,4,15000,60000
10175,2025-12-30,C1098,Customer_61,Electronics,Laptop,4,65000,260000
10176,2025-02-07,C1051,Customer_68,Office,Printer,1,15000,15000
10177,2025-05-08,C1014,Customer_29,Office,Printer,4,15000,60000
10178,2025-09-25,C1088,Customer_14,Electronics,Phone,2,30000,60000
10179,2025-10-10,C1100,Customer_6,Office,Printer,1,15000,15000
10180,2025-04-30,C1073,Customer_5,Electronics,Laptop,2,65000,130000
10181,2025-11-17,C1033,Customer_68,Furniture,Chair,2,5500,11000
10182,2025-02-20,C1010,Customer_39,Office,Printer,1,15000,15000
10183,2025-05-14,C1029,Customer_77,Electronics,Phone,4,30000,120000
10184,2025-10-03,C1039,Customer_59,Electronics,Laptop,1,65000,65000
10185,2025-11-27,C1032,Customer_61,Furniture,Chair,3,5500,16500
10186,2025-05-07,C1004,Customer_53,Electronics,Phone,5,30000,150000
10187,2025-01-12,C1025,Customer_64,Furniture,Chair,1,5500,5500
10188,2025-05-12,C1030,Customer_86,Office,Printer,1,15000,15000
10189,2025-04-27,C1064,Customer_5,Office,Printer,3,15000,45000
10190,2025-07-05,C1088,Customer_51,Furniture,Chair,4,5500,22000
10191,2025-05-30,C1095,Customer_65,Electronics,Phone,1,30000,30000
10192,2025-09-11,C1026,Customer_40,Electronics,Laptop,2,65000,130000
10193,2025-08-27,C1029,Customer_34,Electronics,Phone,2,30000,60000
10194,2025-11-16,C1064,Customer_79,Furniture,Chair,1,5500,5500
10195,2025-09-06,C1054,Customer_86,Electronics,Phone,2,30000,60000
10196,2025-03-16,C1051,Customer_7,Electronics,Laptop,5,65000,325000
10197,2025-11-02,C1019,Customer_54,Electronics,Phone,1,30000,30000
10198,2025-04-05,C1051,Customer_58,Electronics,Laptop,1,65000,65000
10199,2025-02-10,C1022,Customer_43,Furniture,Chair,1,5500,5500
10200,2025-12-01,C1068,Customer_96,Electronics,Phone,2,30000,60000
10201,2025-06-09,C1086,Customer_93,Office,Printer,1,15000,15000
10202,2025-06-19,C1057,Customer_22,Office,Printer,3,15000,45000
10203,2025-02-10,C1036,Customer_11,Electronics,Laptop,1,65000,65000
10204,2025-03-05,C1072,Customer_98,Furniture,Chair,4,5500,22000
10205,2025-07-02,C1099,Customer_40,Electronics,Phone,4,30000,120000
10206,2025-01-26,C1091,Customer_61,Office,Printer,1,15000,15000
10207,2025-10-05,C1058,Customer_25,Electronics,Phone,3,30000,90000
10208,2025-08-31,C1004,Customer_81,Furniture,Chair,3,5500,16500
10209,2025-11-17,C1099,Customer_52,Office,Printer,2,15000,30000
10210,2025-01-18,C1060,Customer_9,Electronics,Laptop,4,65000,260000
10211,2025-04-10,C1096,Customer_9,Electronics,Laptop,3,65000,195000
10212,2025-05-20,C1043,Customer_79,Furniture,Chair,3,5500,16500
10213,2025-12-20,C1041,Customer_36,Electronics,Laptop,3,65000,195000
10214,2025-11-01,C1082,Customer_9,Furniture,Chair,1,5500,5500
10215,2025-02-24,C1061,Customer_92,Electronics,Laptop,2,65000,130000
10216,2025-05-09,C1056,Customer_64,Office,Printer,4,15000,60000
10217,2025-04-04,C1002,Customer_95,Electronics,Phone,4,30000,120000
10218,2025-11-07,C1031,Customer_42,Furniture,Chair,2,5500,11000
10219,2025-07-05,C1077,Customer_11,Furniture,Chair,4,5500,22000
10220,2025-03-23,C1032,Customer_53,Electronics,Phone,4,30000,120000
10221,2025-09-04,C1071,Customer_70,Electronics,Laptop,1,65000,65000
10222,2025-08-07,C1014,Customer_10,Furniture,Chair,2,5500,11000
10223,2025-02-13,C1027,Customer_13,Furniture,Chair,5,5500,27500
10224,2025-12-30,C1058,Customer_23,Office,Printer,4,15000,60000
10225,2025-08-02,C1059,Customer_80,Electronics,Phone,2,30000,60000
10226,2025-12-07,C1098,Customer_16,Electronics,Phone,5,30000,150000
10227,2025-05-24,C1073,Customer_35,Furniture,Chair,3,5500,16500
10228,2025-05-14,C1026,Customer_57,Furniture,Chair,3,5500,16500
10229,2025-05-06,C1031,Customer_20,Electronics,Phone,2,30000,60000
10230,2025-04-07,C1042,Customer_9,Furniture,Chair,5,5500,27500
10231,2025-05-06,C1065,Customer_68,Office,Printer,3,15000,45000
10232,2025-12-01,C1060,Customer_5,Electronics,Phone,1,30000,30000
10233,2025-09-01,C1030,Customer_58,Electronics,Laptop,1,65000,65000
10234,2025-05-31,C1030,Customer_16,Furniture,Chair,1,5500,5500
10235,2025-11-04,C1075,Customer_25,Electronics,Laptop,2,65000,130000
10236,2025-09-20,C1023,Customer_58,Electronics,Laptop,3,65000,195000
10237,2025-02-24,C1082,Customer_77,Furniture,Chair,1,5500,5500
10238,2025-01-20,C1048,Customer_44,Furniture,Chair,2,5500,11000
10239,2025-04-15,C1033,Customer_5,Electronics,Phone,1,30000,30000
10240,2025-06-17,C1053,Customer_87,Electronics,Phone,1,30000,30000
10241,2025-11-14,C1040,Customer_10,Furniture,Chair,2,5500,11000
10242,2025-09-11,C1071,Customer_62,Electronics,Phone,1,30000,30000
10243,2025-02-21,C1051,Customer_85,Electronics,Laptop,4,65000,260000
10244,2025-02-16,C1084,Customer_21,Electronics,Phone,5,30000,150000
10245,2025-07-29,C1037,Customer_86,Office,Printer,3,15000,45000
10246,2025-01-27,C1040,Customer_96,Furniture,Chair,4,5500,22000
10247,2025-08-02,C1003,Customer_99,Furniture,Chair,4,5500,22000
10248,2025-07-20,C1094,Customer_52,Furniture,Chair,2,5500,11000
10249,2025-08-11,C1021,Customer_55,Electronics,Phone,1,30000,30000
10250,2025-07-27,C1074,Customer_47,Electronics,Laptop,1,65000,65000
10251,2025-03-08,C1002,Customer_7,Office,Printer,2,15000,30000
10252,2025-02-15,C1074,Customer_80,Electronics,Phone,4,30000,120000
10253,2025-03-29,C1019,Customer_45,Furniture,Chair,5,5500,27500
10254,2025-09-24,C1022,Customer_9,Furniture,Chair,2,5500,11000
10255,2025-09-09,C1097,Customer_26,Electronics,Laptop,4,65000,260000
10256,2025-01-23,C1062,Customer_41,Furniture,Chair,2,5500,11000
10257,2025-11-22,C1050,Customer_12,Electronics,Laptop,5,65000,325000
10258,2025-11-14,C1052,Customer_79,Electronics,Phone,2,30000,60000
10259,2025-04-04,C1073,Customer_28,Electronics,Phone,4,30000,120000
10260,2025-09-23,C1021,Customer_50,Electronics,Laptop,4,65000,260000
10261,2025-03-18,C1032,Customer_93,Furniture,Chair,1,5500,5500
10262,2025-10-15,C1097,Customer_87,Electronics,Phone,1,30000,30000
10263,2025-03-02,C1050,Customer_77,Electronics,Laptop,3,65000,195000
10264,2025-11-18,C1100,Customer_40,Office,Printer,5,15000,75000
10265,2025-10-26,C1032,Customer_55,Office,Printer,3,15000,45000
10266,2025-08-17,C1065,Customer_57,Office,Printer,3,15000,45000
10267,2025-01-02,C1080,Customer_63,Electronics,Phone,1,30000,30000
10268,2025-08-17,C1098,Customer_80,Office,Printer,2,15000,30000
10269,2025-08-31,C1052,Customer_14,Office,Printer,2,15000,30000
10270,2025-07-03,C1056,Customer_47,Electronics,Laptop,2,65000,130000
10271,2025-09-16,C1066,Customer_85,Electronics,Laptop,4,65000,260000
10272,2025-11-22,C1017,Customer_11,Electronics,Laptop,1,65000,65000
10273,2025-02-10,C1007,Customer_97,Furniture,Chair,5,5500,27500
10274,2025-01-14,C1009,Customer_79,Office,Printer,2,15000,30000
10275,2025-03-09,C1063,Customer_37,Electronics,Laptop,2,65000,130000
10276,2025-02-03,C1045,Customer_79,Electronics,Phone,2,30000,60000
10277,2025-06-15,C1079,Customer_36,Furniture,Chair,2,5500,11000
10278,2025-05-11,C1065,Customer_62,Office,Printer,2,15000,30000
10279,2025-05-15,C1079,Customer_65,Electronics,Phone,5,30000,150000
10280,2025-07-10,C1005,Customer_26,Electronics,Phone,3,30000,90000
10281,2025-03-24,C1082,Customer_36,Electronics,Phone,4,30000,120000
10282,2025-03-28,C1034,Customer_15,Furniture,Chair,4,5500,22000
10283,2025-08-20,C1072,Customer_67,Electronics,Laptop,3,65000,195000
10284,2025-10-02,C1081,Customer_51,Electronics,Laptop,3,65000,195000
10285,2025-07-12,C1048,Customer_74,Furniture,Chair,3,5500,16500
10286,2025-06-19,C1098,Customer_11,Electronics,Phone,3,30000,90000
10287,2025-04-01,C1079,Customer_96,Office,Printer,2,15000,30000
10288,2025-09-22,C1033,Customer_40,Electronics,Laptop,3,65000,195000
10289,2025-01-18,C1029,Customer_20,Furniture,Chair,1,5500,5500
10290,2025-11-17,C1056,Customer_54,Furniture,Chair,5,5500,27500
10291,2025-03-09,C1063,Customer_30,Furniture,Chair,1,5500,5500
10292,2025-01-28,C1001,Customer_73,Electronics,Laptop,1,65000,65000
10293,2025-02-24,C1067,Customer_46,Furniture,Chair,3,5500,16500
10294,2025-10-26,C1039,Customer_76,Electronics,Phone,4,30000,120000
10295,2025-07-07,C1080,Customer_61,Electronics,Phone,2,30000,60000
10296,2025-01-08,C1032,Customer_91,Electronics,Phone,2,30000,60000
10297,2025-02-19,C1009,Customer_82,Electronics,Phone,4,30000,120000
10298,2025-07-25,C1034,Customer_2,Electronics,Phone,3,30000,90000
10299,2025-06-29,C1077,Customer_83,Electronics,Laptop,5,65000,325000
10300,2025-09-23,C1094,Customer_64,Office,Printer,5,15000,75000
10301,2025-01-01,C1006,Customer_8,Electronics,Phone,2,30000,60000
10302,2025-04-06,C1031,Customer_21,Electronics,Laptop,4,65000,260000
10303,2025-01-07,C1079,Customer_71,Electronics,Laptop,1,65000,65000
10304,2025-07-31,C1026,Customer_67,Electronics,Phone,2,30000,60000
10305,2025-03-31,C1066,Customer_40,Office,Printer,5,15000,75000
10306,2025-11-17,C1007,Customer_93,Electronics,Laptop,3,65000,195000
10307,2025-01-04,C1049,Customer_56,Office,Printer,5,15000,75000
10308,2025-12-02,C1058,Customer_23,Office,Printer,1,15000,15000
10309,2025-05-14,C1030,Customer_83,Electronics,Phone,1,30000,30000
10310,2025-06-21,C1096,Customer_89,Electronics,Laptop,1,65000,65000
10311,2025-05-17,C1082,Customer_71,Furniture,Chair,1,5500,5500
10312,2025-05-16,C1038,Customer_83,Office,Printer,5,15000,75000
10313,2025-09-17,C1002,Customer_22,Electronics,Phone,1,30000,30000
10314,2025-04-14,C1021,Customer_96,Furniture,Chair,2,5500,11000
10315,2025-07-19,C1043,Customer_77,Furniture,Chair,2,5500,11000
10316,2025-11-19,C1089,Customer_86,Electronics,Phone,4,30000,120000
10317,2025-09-29,C1090,Customer_1,Office,Printer,4,15000,60000
10318,2025-04-30,C1074,Customer_40,Electronics,Laptop,4,65000,260000
10319,2025-11-15,C1075,Customer_10,Electronics,Phone,4,30000,120000
10320,2025-01-17,C1004,Customer_15,Electronics,Phone,2,30000,60000
10321,2025-03-24,C1045,Customer_19,Electronics,Laptop,5,65000,325000
10322,2025-01-22,C1018,Customer_89,Electronics,Laptop,1,65000,65000
10323,2025-01-24,C1009,Customer_76,Electronics,Laptop,1,65000,65000
10324,2025-10-01,C1086,Customer_9,Furniture,Chair,2,5500,11000
10325,2025-05-07,C1027,Customer_27,Office,Printer,1,15000,15000
10326,2025-01-18,C1097,Customer_82,Electronics,Laptop,1,65000,65000
10327,2025-09-02,C1013,Customer_17,Electronics,Laptop,3,65000,195000
10328,2025-05-31,C1041,Customer_44,Electronics,Laptop,2,65000,130000
10329,2025-01-11,C1045,Customer_33,Office,Printer,3,15000,45000
10330,2025-07-08,C1042,Customer_99,Furniture,Chair,1,5500,5500
10331,2025-11-13,C1096,Customer_4,Office,Printer,3,15000,45000
10332,2025-08-12,C1067,Customer_99,Office,Printer,1,15000,15000
10333,2025-08-29,C1091,Customer_7,Electronics,Laptop,3,65000,195000
10334,2025-10-22,C1037,Customer_22,Electronics,Phone,1,30000,30000
10335,2025-09-26,C1026,Customer_37,Office,Printer,1,15000,15000
10336,2025-06-28,C1063,Customer_13,Electronics,Laptop,1,65000,65000
10337,2025-09-11,C1076,Customer_45,Office,Printer,2,15000,30000
10338,2025-03-23,C1037,Customer_28,Furniture,Chair,5,5500,27500
10339,2025-03-26,C1015,Customer_82,Electronics,Phone,4,30000,120000
10340,2025-12-23,C1072,Customer_14,Electronics,Laptop,4,65000,260000
10341,2025-02-18,C1052,Customer_51,Furniture,Chair,3,5500,16500
10342,2025-11-27,C1004,Customer_48,Electronics,Laptop,4,65000,260000
10343,2025-05-15,C1055,Customer_70,Electronics,Phone,3,30000,90000
10344,2025-11-19,C1030,Customer_59,Electronics,Phone,4,30000,120000
10345,2025-11-01,C1097,Customer_89,Electronics,Phone,5,30000,150000
10346,2025-10-25,C1042,Customer_67,Electronics,Laptop,3,65000,195000
10347,2025-12-05,C1071,Customer_95,Electronics,Phone,4,30000,120000
10348,2025-08-26,C1057,Customer_89,Furniture,Chair,2,5500,11000
10349,2025-04-29,C1017,Customer_43,Furniture,Chair,5,5500,27500
10350,2025-09-17,C1025,Customer_35,Office,Printer,2,15000,30000
10351,2025-03-21,C1093,Customer_20,Furniture,Chair,5,5500,27500
10352,2025-11-05,C1067,Customer_45,Electronics,Phone,3,30000,90000
10353,2025-06-17,C1025,Customer_34,Electronics,Phone,2,30000,60000
10354,2025-12-03,C1014,Customer_26,Electronics,Laptop,2,65000,130000
10355,2025-03-17,C1039,Customer_94,Office,Printer,2,15000,30000
10356,2025-05-21,C1026,Customer_14,Furniture,Chair,4,5500,22000
10357,2025-04-16,C1050,Customer_60,Electronics,Laptop,3,65000,195000
10358,2025-07-24,C1056,Customer_89,Electronics,Laptop,1,65000,65000
10359,2025-11-20,C1038,Customer_60,Electronics,Phone,5,30000,150000
10360,2025-05-12,C1078,Customer_95,Electronics,Laptop,2,65000,130000
10361,2025-05-05,C1056,Customer_90,Office,Printer,1,15000,15000
10362,2025-12-08,C1093,Customer_84,Office,Printer,2,15000,30000
10363,2025-11-25,C1016,Customer_59,Electronics,Phone,2,30000,60000
10364,2025-05-14,C1081,Customer_90,Office,Printer,3,15000,45000
10365,2025-05-05,C1052,Customer_92,Electronics,Laptop,4,65000,260000
10366,2025-08-05,C1062,Customer_59,Electronics,Phone,3,30000,90000
10367,2025-07-29,C1067,Customer_87,Electronics,Laptop,5,65000,325000
10368,2025-01-06,C1050,Customer_63,Electronics,Phone,3,30000,90000
10369,2025-05-09,C1070,Customer_28,Electronics,Laptop,1,65000,65000
10370,2025-09-23,C1045,Customer_13,Electronics,Phone,2,30000,60000
10371,2025-04-15,C1092,Customer_61,Office,Printer,5,15000,75000
10372,2025-09-25,C1044,Customer_53,Electronics,Laptop,3,65000,195000
10373,2025-12-17,C1024,Customer_51,Office,Printer,2,15000,30000
10374,2025-07-02,C1082,Customer_8,Electronics,Laptop,5,65000,325000
10375,2025-07-15,C1052,Customer_8,Furniture,Chair,3,5500,16500
10376,2025-08-03,C1054,Customer_81,Electronics,Laptop,1,65000,65000
10377,2025-05-16,C1014,Customer_29,Furniture,Chair,5,5500,27500
10378,2025-09-27,C1029,Customer_51,Furniture,Chair,4,5500,22000
10379,2025-03-26,C1017,Customer_100,Office,Printer,2,15000,30000
10380,2025-08-29,C1083,Customer_72,Electronics,Laptop,2,65000,130000
10381,2025-06-30,C1086,Customer_82,Electronics,Phone,2,30000,60000
10382,2025-05-31,C1098,Customer_71,Office,Printer,4,15000,60000
10383,2025-07-01,C1030,Customer_35,Electronics,Phone,4,30000,120000
10384,2025-08-07,C1087,Customer_24,Office,Printer,3,15000,45000
10385,2025-05-24,C1046,Customer_32,Office,Printer,1,15000,15000
10386,2025-09-03,C1063,Customer_55,Furniture,Chair,3,5500,16500
10387,2025-03-20,C1039,Customer_50,Electronics,Laptop,3,65000,195000
10388,2025-10-17,C1042,Customer_18,Electronics,Laptop,1,65000,65000
10389,2025-01-08,C1085,Customer_2,Furniture,Chair,5,5500,27500
10390,2025-12-02,C1038,Customer_33,Electronics,Phone,1,30000,30000
10391,2025-03-15,C1030,Customer_24,Electronics,Laptop,5,65000,325000
10392,2025-03-20,C1027,Customer_52,Office,Printer,3,15000,45000
10393,2025-12-19,C1078,Customer_12,Electronics,Phone,5,30000,150000
10394,2025-09-11,C1089,Customer_28,Furniture,Chair,2,5500,11000
10395,2025-12-10,C1015,Customer_72,Electronics,Laptop,4,65000,260000
10396,2025-08-03,C1030,Customer_18,Electronics,Laptop,3,65000,195000
10397,2025-10-13,C1008,Customer_62,Office,Printer,4,15000,60000
10398,2025-12-25,C1063,Customer_32,Office,Printer,2,15000,30000
10399,2025-10-04,C1077,Customer_95,Office,Printer,2,15000,30000
10400,2025-06-14,C1060,Customer_90,Electronics,Laptop,2,65000,130000
10401,2025-08-27,C1048,Customer_55,Office,Printer,3,15000,45000
10402,2025-04-03,C1082,Customer_47,Office,Printer,1,15000,15000
10403,2025-11-09,C1006,Customer_88,Electronics,Laptop,1,65000,65000
10404,2025-09-19,C1062,Customer_63,Furniture,Chair,1,5500,5500
10405,2025-04-20,C1092,Customer_54,Electronics,Phone,1,30000,30000
10406,2025-02-18,C1085,Customer_47,Electronics,Phone,3,30000,90000
10407,2025-09-27,C1071,Customer_99,Furniture,Chair,4,5500,22000
10408,2025-08-11,C1044,Customer_55,Electronics,Phone,3,30000,90000
10409,2025-01-27,C1038,Customer_38,Furniture,Chair,5,5500,27500
10410,2025-07-26,C1043,Customer_65,Furniture,Chair,4,5500,22000
10411,2025-06-26,C1027,Customer_84,Furniture,Chair,5,5500,27500
10412,2025-06-19,C1025,Customer_41,Office,Printer,1,15000,15000
10413,2025-10-28,C1082,Customer_12,Furniture,Chair,2,5500,11000
10414,2025-10-11,C1052,Customer_70,Electronics,Laptop,4,65000,260000
10415,2025-06-03,C1014,Customer_1,Electronics,Laptop,4,65000,260000
10416,2025-09-01,C1078,Customer_99,Electronics,Laptop,2,65000,130000
10417,2025-10-06,C1079,Customer_49,Electronics,Laptop,5,65000,325000
10418,2025-12-15,C1011,Customer_28,Electronics,Phone,5,30000,150000
10419,2025-11-17,C1098,Customer_23,Electronics,Laptop,4,65000,260000
10420,2025-01-19,C1054,Customer_100,Electronics,Laptop,2,65000,130000
10421,2025-07-08,C1018,Customer_40,Electronics,Laptop,1,65000,65000
10422,2025-04-05,C1054,Customer_5,Furniture,Chair,3,5500,16500
10423,2025-08-09,C1073,Customer_83,Furniture,Chair,1,5500,5500
10424,2025-10-18,C1067,Customer_6,Electronics,Laptop,4,65000,260000
10425,2025-10-22,C1090,Customer_52,Electronics,Laptop,4,65000,260000
10426,2025-01-08,C1088,Customer_50,Office,Printer,1,15000,15000
10427,2025-07-31,C1071,Customer_14,Electronics,Phone,4,30000,120000
10428,2025-04-19,C1020,Customer_81,Electronics,Laptop,4,65000,260000
10429,2025-01-03,C1002,Customer_88,Electronics,Laptop,4,65000,260000
10430,2025-04-22,C1016,Customer_17,Electronics,Laptop,1,65000,65000
10431,2025-05-22,C1093,Customer_73,Office,Printer,1,15000,15000
10432,2025-04-06,C1007,Customer_47,Electronics,Phone,4,30000,120000
10433,2025-05-31,C1081,Customer_72,Electronics,Phone,1,30000,30000
10434,2025-12-09,C1033,Customer_7,Office,Printer,4,15000,60000
10435,2025-02-01,C1002,Customer_84,Electronics,Laptop,1,65000,65000
10436,2025-06-09,C1040,Customer_94,Electronics,Laptop,4,65000,260000
10437,2025-11-08,C1008,Customer_41,Electronics,Phone,4,30000,120000
10438,2025-08-13,C1061,Customer_87,Furniture,Chair,5,5500,27500
10439,2025-03-01,C1047,Customer_83,Electronics,Phone,2,30000,60000
10440,2025-09-02,C1050,Customer_100,Electronics,Phone,4,30000,120000
10441,2025-10-18,C1043,Customer_38,Office,Printer,3,15000,45000
10442,2025-11-15,C1084,Customer_91,Furniture,Chair,1,5500,5500
10443,2025-01-08,C1020,Customer_77,Furniture,Chair,5,5500,27500
10444,2025-08-08,C1032,Customer_49,Furniture,Chair,5,5500,27500
10445,2025-11-05,C1099,Customer_30,Office,Printer,4,15000,60000
10446,2025-12-19,C1001,Customer_42,Office,Printer,3,15000,45000
10447,2025-08-05,C1021,Customer_76,Furniture,Chair,3,5500,16500
10448,2025-03-14,C1074,Customer_19,Electronics,Laptop,3,65000,195000
10449,2025-12-17,C1100,Customer_64,Furniture,Chair,5,5500,27500
10450,2025-02-13,C1070,Customer_71,Furniture,Chair,5,5500,27500
10451,2025-04-13,C1097,Customer_93,Office,Printer,4,15000,60000
10452,2025-11-07,C1008,Customer_87,Electronics,Phone,3,30000,90000
10453,2025-12-29,C1027,Customer_33,Office,Printer,4,15000,60000
10454,2025-08-24,C1070,Customer_12,Electronics,Laptop,4,65000,260000
10455,2025-04-30,C1051,Customer_75,Furniture,Chair,1,5500,5500
10456,2025-06-14,C1062,Customer_65,Furniture,Chair,5,5500,27500
10457,2025-04-19,C1025,Customer_12,Electronics,Phone,2,30000,60000
10458,2025-07-05,C1074,Customer_73,Electronics,Phone,3,30000,90000
10459,2025-09-22,C1020,Customer_32,Furniture,Chair,4,5500,22000
10460,2025-07-11,C1014,Customer_48,Electronics,Laptop,4,65000,260000
10461,2025-03-21,C1041,Customer_77,Office,Printer,1,15000,15000
10462,2025-05-24,C1067,Customer_78,Electronics,Laptop,3,65000,195000
10463,2025-01-18,C1027,Customer_73,Electronics,Laptop,1,65000,65000
10464,2025-10-18,C1028,Customer_34,Office,Printer,5,15000,75000
10465,2025-02-19,C1058,Customer_99,Furniture,Chair,4,5500,22000
10466,2025-01-20,C1044,Customer_26,Electronics,Phone,3,30000,90000
10467,2025-02-12,C1004,Customer_7,Electronics,Phone,4,30000,120000
10468,2025-07-09,C1091,Customer_59,Electronics,Laptop,5,65000,325000
10469,2025-11-03,C1082,Customer_51,Office,Printer,1,15000,15000
10470,2025-05-12,C1041,Customer_73,Electronics,Laptop,1,65000,65000
10471,2025-12-09,C1065,Customer_51,Electronics,Phone,1,30000,30000
10472,2025-03-23,C1048,Customer_31,Electronics,Phone,4,30000,120000
10473,2025-01-20,C1033,Customer_46,Electronics,Phone,2,30000,60000
10474,2025-01-15,C1007,Customer_34,Electronics,Laptop,5,65000,325000
10475,2025-02-21,C1019,Customer_41,Office,Printer,1,15000,15000
10476,2025-12-13,C1096,Customer_39,Electronics,Laptop,2,65000,130000
10477,2025-08-30,C1042,Customer_48,Office,Printer,1,15000,15000
10478,2025-03-05,C1048,Customer_62,Furniture,Chair,4,5500,22000
10479,2025-08-14,C1031,Customer_19,Office,Printer,2,15000,30000
10480,2025-04-10,C1005,Customer_21,Electronics,Laptop,4,65000,260000
10481,2025-11-13,C1048,Customer_96,Electronics,Phone,1,30000,30000
10482,2025-02-19,C1050,Customer_3,Electronics,Phone,4,30000,120000
10483,2025-06-23,C1042,Customer_30,Electronics,Laptop,4,65000,260000
10484,2025-11-18,C1047,Customer_19,Office,Printer,1,15000,15000
10485,2025-01-30,C1024,Customer_92,Furniture,Chair,2,5500,11000
10486,2025-03-16,C1057,Customer_20,Office,Printer,5,15000,75000
10487,2025-07-30,C1032,Customer_20,Furniture,Chair,4,5500,22000
10488,2025-10-20,C1038,Customer_43,Electronics,Laptop,3,65000,195000
10489,2025-09-09,C1014,Customer_41,Electronics,Phone,3,30000,90000
10490,2025-02-28,C1020,Customer_66,Office,Printer,4,15000,60000
10491,2025-10-14,C1062,Customer_37,Electronics,Laptop,2,65000,130000
10492,2025-04-14,C1047,Customer_56,Electronics,Laptop,3,65000,195000
10493,2025-05-02,C1013,Customer_50,Furniture,Chair,2,5500,11000
10494,2025-03-25,C1008,Customer_93,Furniture,Chair,4,5500,22000
10495,2025-11-24,C1003,Customer_57,Furniture,Chair,2,5500,11000
10496,2025-03-13,C1057,Customer_1,Furniture,Chair,5,5500,27500
10497,2025-07-04,C1056,Customer_6,Furniture,Chair,2,5500,11000
10498,2025-05-22,C1074,Customer_24,Office,Printer,2,15000,30000
10499,2025-09-25,C1099,Customer_30,Electronics,Phone,2,30000,60000
10500,2025-11-04,C1011,Customer_12,Electronics,Phone,2,30000,60000
10501,2025-03-31,C1027,Customer_18,Office,Printer,3,15000,45000
10502,2025-06-07,C1026,Customer_2,Electronics,Phone,5,30000,150000
10503,2025-07-28,C1093,Customer_8,Electronics,Laptop,5,65000,325000
10504,2025-05-25,C1082,Customer_64,Furniture,Chair,3,5500,16500
10505,2025-07-29,C1098,Customer_62,Electronics,Laptop,1,65000,65000
10506,2025-05-08,C1024,Customer_73,Electronics,Phone,3,30000,90000
10507,2025-03-25,C1090,Customer_48,Furniture,Chair,1,5500,5500
10508,2025-09-24,C1058,Customer_67,Electronics,Laptop,3,65000,195000
10509,2025-07-02,C1092,Customer_32,Electronics,Laptop,1,65000,65000
10510,2025-10-23,C1097,Customer_8,Furniture,Chair,4,5500,22000
10511,2025-09-11,C1058,Customer_66,Furniture,Chair,1,5500,5500
10512,2025-10-03,C1018,Customer_3,Electronics,Laptop,5,65000,325000
10513,2025-04-25,C1080,Customer_24,Electronics,Phone,1,30000,30000
10514,2025-06-09,C1033,Customer_72,Electronics,Phone,1,30000,30000
10515,2025-02-19,C1090,Customer_95,Electronics,Laptop,1,65000,65000
10516,2025-01-10,C1077,Customer_82,Electronics,Phone,3,30000,90000
10517,2025-05-03,C1090,Customer_57,Office,Printer,5,15000,75000
10518,2025-02-18,C1092,Customer_23,Electronics,Laptop,3,65000,195000
10519,2025-03-05,C1060,Customer_64,Electronics,Laptop,3,65000,195000
10520,2025-03-04,C1016,Customer_52,Furniture,Chair,1,5500,5500
10521,2025-10-31,C1030,Customer_30,Electronics,Phone,5,30000,150000
10522,2025-08-25,C1096,Customer_51,Electronics,Phone,5,30000,150000
10523,2025-11-22,C1050,Customer_89,Electronics,Phone,1,30000,30000
10524,2025-11-05,C1068,Customer_5,Office,Printer,5,15000,75000
10525,2025-07-05,C1044,Customer_52,Office,Printer,1,15000,15000
10526,2025-08-12,C1073,Customer_42,Electronics,Phone,3,30000,90000
10527,2025-01-28,C1042,Customer_67,Office,Printer,5,15000,75000
10528,2025-05-08,C1055,Customer_85,Electronics,Phone,3,30000,90000
10529,2025-02-25,C1068,Customer_24,Electronics,Laptop,3,65000,195000
10530,2025-08-10,C1026,Customer_65,Electronics,Laptop,3,65000,195000
10531,2025-03-13,C1054,Customer_51,Electronics,Laptop,2,65000,130000
10532,2025-01-21,C1005,Customer_83,Office,Printer,1,15000,15000
10533,2025-05-20,C1081,Customer_70,Furniture,Chair,5,5500,27500
10534,2025-02-21,C1033,Customer_16,Electronics,Laptop,5,65000,325000
10535,2025-05-02,C1006,Customer_37,Electronics,Laptop,4,65000,260000
10536,2025-06-27,C1083,Customer_22,Electronics,Laptop,3,65000,195000
10537,2025-11-01,C1066,Customer_35,Electronics,Laptop,1,65000,65000
10538,2025-10-30,C1069,Customer_19,Electronics,Laptop,4,65000,260000
10539,2025-09-19,C1017,Customer_38,Office,Printer,1,15000,15000
10540,2025-05-28,C1036,Customer_32,Office,Printer,5,15000,75000
10541,2025-05-28,C1059,Customer_79,Electronics,Laptop,5,65000,325000
10542,2025-04-14,C1071,Customer_91,Electronics,Phone,4,30000,120000
10543,2025-10-08,C1039,Customer_79,Furniture,Chair,4,5500,22000
10544,2025-06-08,C1004,Customer_32,Office,Printer,4,15000,60000
10545,2025-04-07,C1066,Customer_70,Furniture,Chair,2,5500,11000
10546,2025-07-22,C1002,Customer_46,Office,Printer,5,15000,75000
10547,2025-06-15,C1072,Customer_42,Electronics,Phone,2,30000,60000
10548,2025-05-26,C1028,Customer_38,Office,Printer,3,15000,45000
10549,2025-03-23,C1071,Customer_9,Electronics,Laptop,1,65000,65000
10550,2025-12-03,C1008,Customer_67,Furniture,Chair,4,5500,22000
10551,2025-07-01,C1095,Customer_98,Office,Printer,4,15000,60000
10552,2025-04-26,C1087,Customer_95,Electronics,Laptop,5,65000,325000
10553,2025-06-22,C1086,Customer_46,Electronics,Phone,4,30000,120000
10554,2025-11-12,C1079,Customer_36,Electronics,Phone,2,30000,60000
10555,2025-05-18,C1081,Customer_91,Electronics,Laptop,4,65000,260000
10556,2025-02-22,C1001,Customer_53,Electronics,Phone,4,30000,120000
10557,2025-07-23,C1074,Customer_20,Electronics,Laptop,4,65000,260000
10558,2025-11-15,C1078,Customer_15,Office,Printer,3,15000,45000
10559,2025-12-21,C1059,Customer_37,Office,Printer,4,15000,60000
10560,2025-06-30,C1051,Customer_68,Furniture,Chair,3,5500,16500
10561,2025-01-04,C1096,Customer_64,Office,Printer,3,15000,45000
10562,2025-06-03,C1024,Customer_69,Office,Printer,4,15000,60000
10563,2025-08-12,C1074,Customer_49,Furniture,Chair,2,5500,11000
10564,2025-06-19,C1042,Customer_78,Electronics,Phone,1,30000,30000
10565,2025-04-15,C1055,Customer_2,Electronics,Phone,3,30000,90000
10566,2025-05-12,C1073,Customer_64,Electronics,Laptop,1,65000,65000
10567,2025-06-09,C1069,Customer_80,Furniture,Chair,5,5500,27500
10568,2025-09-22,C1094,Customer_88,Office,Printer,5,15000,75000
10569,2025-08-26,C1046,Customer_6,Office,Printer,4,15000,60000
10570,2025-01-06,C1087,Customer_9,Furniture,Chair,4,5500,22000
10571,2025-07-29,C1048,Customer_65,Electronics,Phone,1,30000,30000
10572,2025-10-21,C1020,Customer_25,Office,Printer,5,15000,75000
10573,2025-07-25,C1057,Customer_99,Office,Printer,4,15000,60000
10574,2025-02-17,C1022,Customer_47,Furniture,Chair,5,5500,27500
10575,2025-02-08,C1040,Customer_66,Furniture,Chair,3,5500,16500
10576,2025-12-02,C1038,Customer_89,Electronics,Phone,1,30000,30000
10577,2025-08-04,C1081,Customer_21,Furniture,Chair,5,5500,27500
10578,2025-04-17,C1065,Customer_25,Furniture,Chair,5,5500,27500
10579,2025-01-31,C1081,Customer_73,Office,Printer,2,15000,30000
10580,2025-10-19,C1081,Customer_82,Electronics,Laptop,3,65000,195000
10581,2025-01-06,C1001,Customer_40,Electronics,Laptop,4,65000,260000
10582,2025-07-23,C1013,Customer_76,Electronics,Laptop,3,65000,195000
10583,2025-04-11,C1023,Customer_64,Electronics,Laptop,1,65000,65000
10584,2025-09-21,C1019,Customer_74,Furniture,Chair,5,5500,27500
10585,2025-11-05,C1016,Customer_19,Electronics,Phone,4,30000,120000
10586,2025-09-18,C1014,Customer_4,Electronics,Phone,5,30000,150000
10587,2025-03-29,C1067,Customer_63,Electronics,Laptop,1,65000,65000
10588,2025-08-09,C1008,Customer_84,Office,Printer,5,15000,75000
10589,2025-06-15,C1019,Customer_92,Electronics,Laptop,5,65000,325000
10590,2025-05-22,C1022,Customer_5,Electronics,Phone,3,30000,90000
10591,2025-10-26,C1009,Customer_45,Furniture,Chair,1,5500,5500
10592,2025-11-16,C1050,Customer_3,Electronics,Phone,4,30000,120000
10593,2025-07-22,C1075,Customer_98,Electronics,Laptop,2,65000,130000
10594,2025-01-28,C1080,Customer_31,Electronics,Laptop,4,65000,260000
10595,2025-01-23,C1021,Customer_76,Electronics,Phone,2,30000,60000
10596,2025-01-04,C1059,Customer_39,Electronics,Phone,3,30000,90000
10597,2025-05-10,C1064,Customer_9,Office,Printer,5,15000,75000
10598,2025-12-12,C1092,Customer_75,Electronics,Phone,4,30000,120000
10599,2025-06-08,C1052,Customer_92,Electronics,Phone,4,30000,120000
10600,2025-05-05,C1012,Customer_23,Office,Printer,1,15000,15000
10601,2025-07-14,C1024,Customer_1,Electronics,Phone,3,30000,90000
10602,2025-10-15,C1047,Customer_15,Furniture,Chair,4,5500,22000
10603,2025-07-17,C1043,Customer_52,Furniture,Chair,5,5500,27500
10604,2025-08-05,C1045,Customer_71,Electronics,Laptop,1,65000,65000
10605,2025-04-08,C1060,Customer_37,Electronics,Phone,4,30000,120000
10606,2025-08-12,C1005,Customer_36,Furniture,Chair,2,5500,11000
10607,2025-03-21,C1031,Customer_91,Electronics,Laptop,3,65000,195000
10608,2025-04-11,C1035,Customer_70,Electronics,Phone,1,30000,30000
10609,2025-08-15,C1060,Customer_31,Electronics,Phone,5,30000,150000
10610,2025-06-30,C1028,Customer_93,Electronics,Phone,3,30000,90000
10611,2025-11-19,C1075,Customer_27,Office,Printer,4,15000,60000
10612,2025-09-16,C1027,Customer_30,Furniture,Chair,4,5500,22000
10613,2025-12-28,C1034,Customer_77,Office,Printer,2,15000,30000
10614,2025-07-08,C1069,Customer_32,Office,Printer,5,15000,75000
10615,2025-09-19,C1028,Customer_17,Office,Printer,5,15000,75000
10616,2025-02-16,C1070,Customer_35,Electronics,Laptop,5,65000,325000
10617,2025-12-03,C1092,Customer_73,Office,Printer,1,15000,15000
10618,2025-01-08,C1050,Customer_91,Electronics,Phone,3,30000,90000
10619,2025-04-29,C1042,Customer_25,Electronics,Laptop,2,65000,130000
10620,2025-10-15,C1047,Customer_65,Electronics,Laptop,1,65000,65000
10621,2025-02-03,C1092,Customer_40,Furniture,Chair,2,5500,11000
10622,2025-05-28,C1017,Customer_92,Electronics,Laptop,2,65000,130000
10623,2025-07-02,C1052,Customer_60,Office,Printer,3,15000,45000
10624,2025-04-01,C1004,Customer_47,Electronics,Phone,3,30000,90000
10625,2025-01-13,C1085,Customer_91,Furniture,Chair,4,5500,22000
10626,2025-07-25,C1046,Customer_81,Office,Printer,2,15000,30000
10627,2025-05-30,C1015,Customer_35,Electronics,Laptop,2,65000,130000
10628,2025-07-27,C1006,Customer_78,Electronics,Phone,1,30000,30000
10629,2025-04-12,C1097,Customer_39,Electronics,Phone,4,30000,120000
10630,2025-01-21,C1071,Customer_40,Electronics,Phone,4,30000,120000
10631,2025-04-27,C1073,Customer_64,Electronics,Phone,5,30000,150000
10632,2025-12-10,C1088,Customer_74,Furniture,Chair,4,5500,22000
10633,2025-02-27,C1098,Customer_100,Furniture,Chair,1,5500,5500
10634,2025-10-27,C1078,Customer_90,Furniture,Chair,1,5500,5500
10635,2025-12-15,C1015,Customer_5,Electronics,Laptop,2,65000,130000
10636,2025-06-26,C1096,Customer_12,Furniture,Chair,2,5500,11000
10637,2025-11-12,C1029,Customer_36,Office,Printer,4,15000,60000
10638,2025-08-06,C1057,Customer_44,Electronics,Laptop,3,65000,195000
10639,2025-01-28,C1087,Customer_90,Office,Printer,5,15000,75000
10640,2025-12-11,C1066,Customer_100,Electronics,Phone,4,30000,120000
10641,2025-04-07,C1006,Customer_90,Electronics,Phone,4,30000,120000
10642,2025-10-07,C1021,Customer_100,Furniture,Chair,2,5500,11000
10643,2025-05-14,C1032,Customer_8,Electronics,Phone,5,30000,150000
10644,2025-06-27,C1053,Customer_12,Electronics,Phone,3,30000,90000
10645,2025-03-12,C1018,Customer_88,Electronics,Phone,3,30000,90000
10646,2025-05-02,C1091,Customer_31,Office,Printer,4,15000,60000
10647,2025-12-21,C1057,Customer_18,Electronics,Laptop,5,65000,325000
10648,2025-03-10,C1091,Customer_19,Furniture,Chair,3,5500,16500
10649,2025-11-19,C1016,Customer_71,Electronics,Phone,3,30000,90000
10650,2025-12-13,C1086,Customer_20,Office,Printer,2,15000,30000
10651,2025-04-16,C1015,Customer_89,Office,Printer,4,15000,60000
10652,2025-07-04,C1063,Customer_27,Furniture,Chair,1,5500,5500
10653,2025-05-24,C1039,Customer_26,Electronics,Laptop,1,65000,65000
10654,2025-08-18,C1015,Customer_21,Electronics,Laptop,3,65000,195000
10655,2025-08-28,C1073,Customer_47,Furniture,Chair,4,5500,22000
10656,2025-10-13,C1010,Customer_6,Furniture,Chair,2,5500,11000
10657,2025-09-06,C1011,Customer_96,Electronics,Laptop,4,65000,260000
10658,2025-05-16,C1014,Customer_83,Furniture,Chair,5,5500,27500
10659,2025-09-08,C1025,Customer_70,Office,Printer,4,15000,60000
10660,2025-07-03,C1012,Customer_83,Furniture,Chair,1,5500,5500
10661,2025-12-01,C1090,Customer_33,Furniture,Chair,5,5500,27500
10662,2025-03-12,C1096,Customer_4,Electronics,Phone,1,30000,30000
10663,2025-03-16,C1038,Customer_48,Electronics,Laptop,4,65000,260000
10664,2025-12-16,C1022,Customer_14,Electronics,Phone,5,30000,150000
10665,2025-06-17,C1049,Customer_24,Furniture,Chair,5,5500,27500
10666,2025-04-28,C1048,Customer_18,Furniture,Chair,3,5500,16500
10667,2025-05-03,C1008,Customer_6,Furniture,Chair,3,5500,16500
10668,2025-11-18,C1091,Customer_52,Electronics,Laptop,5,65000,325000
10669,2025-09-11,C1055,Customer_64,Electronics,Laptop,2,65000,130000
10670,2025-11-05,C1075,Customer_81,Electronics,Phone,3,30000,90000
10671,2025-12-19,C1030,Customer_21,Electronics,Laptop,2,65000,130000
10672,2025-11-23,C1052,Customer_12,Electronics,Phone,4,30000,120000
10673,2025-09-03,C1025,Customer_28,Electronics,Laptop,4,65000,260000
10674,2025-01-17,C1079,Customer_66,Furniture,Chair,1,5500,5500
10675,2025-05-26,C1010,Customer_85,Office,Printer,2,15000,30000
10676,2025-12-30,C1054,Customer_44,Electronics,Laptop,5,65000,325000
10677,2025-01-05,C1086,Customer_23,Electronics,Laptop,4,65000,260000
10678,2025-06-01,C1001,Customer_57,Electronics,Phone,4,30000,120000
10679,2025-04-11,C1061,Customer_11,Furniture,Chair,5,5500,27500
10680,2025-08-24,C1055,Customer_69,Furniture,Chair,5,5500,27500
10681,2025-11-08,C1080,Customer_11,Electronics,Phone,4,30000,120000
10682,2025-11-08,C1085,Customer_39,Electronics,Laptop,3,65000,195000
10683,2025-09-04,C1085,Customer_83,Office,Printer,3,15000,45000
10684,2025-06-25,C1068,Customer_82,Electronics,Phone,3,30000,90000
10685,2025-04-24,C1087,Customer_95,Electronics,Laptop,2,65000,130000
10686,2025-03-17,C1085,Customer_75,Office,Printer,1,15000,15000
10687,2025-10-25,C1054,Customer_47,Furniture,Chair,5,5500,27500
10688,2025-08-14,C1051,Customer_34,Electronics,Phone,5,30000,150000
10689,2025-04-03,C1026,Customer_71,Electronics,Laptop,2,65000,130000
10690,2025-05-10,C1084,Customer_13,Electronics,Laptop,2,65000,130000
10691,2025-12-10,C1033,Customer_91,Electronics,Phone,5,30000,150000
10692,2025-10-11,C1059,Customer_29,Office,Printer,2,15000,30000
10693,2025-10-29,C1073,Customer_11,Electronics,Laptop,5,65000,325000
10694,2025-08-14,C1018,Customer_65,Office,Printer,1,15000,15000
10695,2025-02-22,C1059,Customer_88,Electronics,Laptop,5,65000,325000
10696,2025-03-29,C1025,Customer_73,Office,Printer,5,15000,75000
10697,2025-03-12,C1048,Customer_100,Office,Printer,1,15000,15000
10698,2025-05-02,C1007,Customer_48,Electronics,Laptop,4,65000,260000
10699,2025-12-26,C1077,Customer_28,Electronics,Laptop,1,65000,65000
10700,2025-03-03,C1091,Customer_18,Office,Printer,3,15000,45000
10701,2025-11-15,C1026,Customer_73,Office,Printer,1,15000,15000
10702,2025-03-28,C1047,Customer_96,Electronics,Laptop,3,65000,195000
10703,2025-05-11,C1016,Customer_31,Furniture,Chair,1,5500,5500
10704,2025-09-26,C1046,Customer_93,Furniture,Chair,5,5500,27500
10705,2025-11-06,C1046,Customer_13,Office,Printer,1,15000,15000
10706,2025-06-17,C1078,Customer_15,Furniture,Chair,5,5500,27500
10707,2025-05-11,C1046,Customer_25,Electronics,Laptop,2,65000,130000
10708,2025-10-25,C1057,Customer_15,Office,Printer,1,15000,15000
10709,2025-02-26,C1010,Customer_34,Electronics,Laptop,4,65000,260000
10710,2025-10-11,C1038,Customer_88,Electronics,Phone,2,30000,60000
10711,2025-10-29,C1033,Customer_69,Office,Printer,2,15000,30000
10712,2025-01-08,C1004,Customer_44,Furniture,Chair,4,5500,22000
10713,2025-09-14,C1062,Customer_5,Electronics,Phone,4,30000,120000
10714,2025-04-04,C1080,Customer_83,Electronics,Laptop,1,65000,65000
10715,2025-03-23,C1089,Customer_58,Office,Printer,4,15000,60000
10716,2025-11-09,C1067,Customer_10,Office,Printer,2,15000,30000
10717,2025-09-28,C1028,Customer_40,Furniture,Chair,3,5500,16500
10718,2025-11-16,C1006,Customer_28,Electronics,Phone,5,30000,150000
10719,2025-08-28,C1043,Customer_74,Electronics,Phone,3,30000,90000
10720,2025-07-01,C1041,Customer_1,Office,Printer,4,15000,60000
10721,2025-09-05,C1043,Customer_30,Furniture,Chair,5,5500,27500
10722,2025-08-24,C1078,Customer_6,Electronics,Laptop,2,65000,130000
10723,2025-05-20,C1050,Customer_35,Electronics,Phone,2,30000,60000
10724,2025-05-15,C1046,Customer_73,Electronics,Laptop,5,65000,325000
10725,2025-10-15,C1099,Customer_13,Electronics,Phone,1,30000,30000
10726,2025-11-21,C1074,Customer_82,Electronics,Phone,4,30000,120000
10727,2025-05-25,C1031,Customer_19,Electronics,Laptop,3,65000,195000
10728,2025-06-24,C1095,Customer_47,Electronics,Laptop,3,65000,195000
10729,2025-10-09,C1092,Customer_52,Electronics,Phone,3,30000,90000
10730,2025-12-27,C1044,Customer_86,Furniture,Chair,1,5500,5500
10731,2025-09-15,C1048,Customer_32,Furniture,Chair,4,5500,22000
10732,2025-03-19,C1018,Customer_27,Electronics,Phone,3,30000,90000
10733,2025-07-27,C1058,Customer_51,Electronics,Laptop,4,65000,260000
10734,2025-10-28,C1009,Customer_19,Furniture,Chair,2,5500,11000
10735,2025-05-10,C1094,Customer_74,Furniture,Chair,3,5500,16500
10736,2025-04-08,C1075,Customer_11,Furniture,Chair,1,5500,5500
10737,2025-10-25,C1046,Customer_60,Electronics,Phone,3,30000,90000
10738,2025-02-04,C1063,Customer_41,Furniture,Chair,4,5500,22000
10739,2025-05-12,C1070,Customer_3,Electronics,Phone,3,30000,90000
10740,2025-05-02,C1091,Customer_3,Electronics,Phone,3,30000,90000
10741,2025-07-24,C1058,Customer_26,Electronics,Phone,1,30000,30000
10742,2025-11-28,C1013,Customer_26,Furniture,Chair,5,5500,27500
10743,2025-03-08,C1077,Customer_7,Electronics,Phone,1,30000,30000
10744,2025-10-22,C1044,Customer_93,Electronics,Laptop,1,65000,65000
10745,2025-04-07,C1035,Customer_69,Electronics,Phone,1,30000,30000
10746,2025-01-15,C1028,Customer_42,Electronics,Laptop,3,65000,195000
10747,2025-11-29,C1063,Customer_52,Furniture,Chair,1,5500,5500
10748,2025-01-30,C1054,Customer_6,Furniture,Chair,2,5500,11000
10749,2025-06-21,C1100,Customer_64,Electronics,Laptop,5,65000,325000
10750,2025-08-26,C1002,Customer_4,Office,Printer,3,15000,45000
10751,2025-12-01,C1041,Customer_8,Furniture,Chair,5,5500,27500
10752,2025-12-30,C1093,Customer_43,Office,Printer,5,15000,75000
10753,2025-01-10,C1020,Customer_27,Electronics,Phone,1,30000,30000
10754,2025-02-16,C1046,Customer_47,Electronics,Phone,5,30000,150000
10755,2025-10-03,C1088,Customer_76,Office,Printer,3,15000,45000
10756,2025-10-22,C1043,Customer_30,Electronics,Phone,5,30000,150000
10757,2025-01-17,C1100,Customer_83,Furniture,Chair,4,5500,22000
10758,2025-12-28,C1059,Customer_72,Furniture,Chair,5,5500,27500
10759,2025-09-25,C1068,Customer_36,Furniture,Chair,3,5500,16500
10760,2025-01-05,C1072,Customer_61,Electronics,Phone,3,30000,90000
10761,2025-03-19,C1081,Customer_30,Electronics,Laptop,3,65000,195000
10762,2025-01-15,C1080,Customer_18,Office,Printer,1,15000,15000
10763,2025-10-06,C1065,Customer_27,Electronics,Laptop,1,65000,65000
10764,2025-11-07,C1047,Customer_95,Electronics,Phone,3,30000,90000
10765,2025-03-24,C1068,Customer_4,Electronics,Phone,2,30000,60000
10766,2025-08-15,C1064,Customer_28,Furniture,Chair,2,5500,11000
10767,2025-08-24,C1028,Customer_42,Furniture,Chair,4,5500,22000
10768,2025-12-04,C1094,Customer_2,Electronics,Laptop,1,65000,65000
10769,2025-12-12,C1045,Customer_8,Electronics,Laptop,4,65000,260000
10770,2025-07-12,C1053,Customer_49,Electronics,Phone,5,30000,150000
10771,2025-05-09,C1003,Customer_34,Electronics,Phone,1,30000,30000
10772,2025-04-29,C1046,Customer_27,Office,Printer,2,15000,30000
10773,2025-11-26,C1036,Customer_39,Furniture,Chair,4,5500,22000
10774,2025-10-19,C1021,Customer_62,Office,Printer,2,15000,30000
10775,2025-06-03,C1037,Customer_12,Furniture,Chair,2,5500,11000
10776,2025-09-06,C1032,Customer_21,Furniture,Chair,1,5500,5500
10777,2025-11-02,C1058,Customer_28,Furniture,Chair,5,5500,27500
10778,2025-07-04,C1006,Customer_100,Electronics,Laptop,2,65000,130000
10779,2025-08-11,C1018,Customer_39,Office,Printer,2,15000,30000
10780,2025-03-19,C1002,Customer_18,Electronics,Laptop,1,65000,65000
10781,2025-09-15,C1095,Customer_46,Furniture,Chair,2,5500,11000
10782,2025-08-26,C1088,Customer_51,Electronics,Laptop,2,65000,130000
10783,2025-06-23,C1083,Customer_86,Electronics,Laptop,4,65000,260000
10784,2025-01-17,C1075,Customer_31,Office,Printer,3,15000,45000
10785,2025-01-20,C1018,Customer_65,Electronics,Phone,1,30000,30000
10786,2025-08-09,C1090,Customer_14,Electronics,Phone,5,30000,150000
10787,2025-06-12,C1009,Customer_15,Electronics,Laptop,1,65000,65000
10788,2025-03-11,C1068,Customer_55,Electronics,Laptop,4,65000,260000
10789,2025-04-25,C1088,Customer_70,Electronics,Laptop,2,65000,130000
10790,2025-09-14,C1015,Customer_68,Electronics,Phone,5,30000,150000
10791,2025-02-09,C1045,Customer_28,Furniture,Chair,4,5500,22000
10792,2025-05-20,C1091,Customer_23,Electronics,Phone,1,30000,30000
10793,2025-05-18,C1009,Customer_6,Electronics,Laptop,3,65000,195000
10794,2025-01-25,C1053,Customer_72,Electronics,Phone,5,30000,150000
10795,2025-01-06,C1042,Customer_89,Furniture,Chair,3,5500,16500
10796,2025-10-06,C1037,Customer_71,Electronics,Laptop,4,65000,260000
10797,2025-05-18,C1052,Customer_55,Furniture,Chair,4,5500,22000
10798,2025-08-03,C1050,Customer_20,Furniture,Chair,5,5500,27500
10799,2025-07-29,C1019,Customer_82,Office,Printer,4,15000,60000
10800,2025-11-08,C1065,Customer_33,Electronics,Laptop,2,65000,130000
10801,2025-04-12,C1085,Customer_15,Office,Printer,2,15000,30000
10802,2025-01-18,C1092,Customer_7,Electronics,Laptop,5,65000,325000
10803,2025-06-16,C1088,Customer_83,Office,Printer,5,15000,75000
10804,2025-12-09,C1041,Customer_59,Office,Printer,5,15000,75000
10805,2025-11-28,C1061,Customer_66,Electronics,Laptop,4,65000,260000
10806,2025-10-07,C1049,Customer_31,Furniture,Chair,5,5500,27500
10807,2025-12-31,C1009,Customer_51,Office,Printer,3,15000,45000
10808,2025-12-04,C1087,Customer_42,Furniture,Chair,5,5500,27500
10809,2025-12-07,C1029,Customer_79,Electronics,Laptop,5,65000,325000
10810,2025-08-31,C1093,Customer_45,Furniture,Chair,3,5500,16500
10811,2025-04-24,C1019,Customer_9,Office,Printer,5,15000,75000
10812,2025-04-15,C1068,Customer_22,Furniture,Chair,5,5500,27500
10813,2025-12-11,C1023,Customer_20,Furniture,Chair,2,5500,11000
10814,2025-11-24,C1084,Customer_6,Office,Printer,2,15000,30000
10815,2025-07-05,C1055,Customer_16,Furniture,Chair,4,5500,22000
10816,2025-12-26,C1033,Customer_49,Office,Printer,2,15000,30000
10817,2025-07-02,C1085,Customer_67,Electronics,Laptop,3,65000,195000
10818,2025-12-06,C1012,Customer_36,Furniture,Chair,4,5500,22000
10819,2025-08-17,C1089,Customer_15,Office,Printer,3,15000,45000
10820,2025-03-31,C1098,Customer_67,Office,Printer,4,15000,60000
10821,2025-12-15,C1017,Customer_47,Electronics,Phone,1,30000,30000
10822,2025-12-05,C1031,Customer_80,Office,Printer,5,15000,75000
10823,2025-06-24,C1049,Customer_33,Furniture,Chair,5,5500,27500
10824,2025-04-13,C1001,Customer_74,Electronics,Laptop,5,65000,325000
10825,2025-10-30,C1023,Customer_40,Furniture,Chair,1,5500,5500
10826,2025-05-11,C1031,Customer_34,Furniture,Chair,3,5500,16500
10827,2025-09-26,C1082,Customer_64,Office,Printer,1,15000,15000
10828,2025-03-07,C1055,Customer_38,Electronics,Laptop,2,65000,130000
10829,2025-08-15,C1049,Customer_47,Furniture,Chair,1,5500,5500
10830,2025-07-28,C1056,Customer_83,Electronics,Laptop,3,65000,195000
10831,2025-05-03,C1050,Customer_75,Furniture,Chair,3,5500,16500
10832,2025-04-09,C1092,Customer_75,Electronics,Phone,5,30000,150000
10833,2025-12-07,C1027,Customer_43,Furniture,Chair,1,5500,5500
10834,2025-08-17,C1049,Customer_51,Electronics,Laptop,1,65000,65000
10835,2025-11-26,C1097,Customer_4,Office,Printer,4,15000,60000
10836,2025-10-16,C1060,Customer_60,Electronics,Laptop,5,65000,325000
10837,2025-08-31,C1023,Customer_9,Office,Printer,4,15000,60000
10838,2025-09-09,C1018,Customer_66,Office,Printer,4,15000,60000
10839,2025-04-13,C1052,Customer_70,Electronics,Laptop,2,65000,130000
10840,2025-10-11,C1043,Customer_99,Electronics,Laptop,3,65000,195000
10841,2025-03-02,C1012,Customer_29,Office,Printer,4,15000,60000
10842,2025-01-08,C1014,Customer_64,Electronics,Laptop,5,65000,325000
10843,2025-10-16,C1059,Customer_8,Electronics,Laptop,2,65000,130000
10844,2025-09-05,C1008,Customer_71,Electronics,Phone,3,30000,90000
10845,2025-03-13,C1053,Customer_7,Office,Printer,5,15000,75000
10846,2025-06-21,C1025,Customer_67,Electronics,Phone,3,30000,90000
10847,2025-10-03,C1036,Customer_67,Electronics,Laptop,2,65000,130000
10848,2025-06-10,C1050,Customer_33,Furniture,Chair,1,5500,5500
10849,2025-07-22,C1066,Customer_54,Furniture,Chair,5,5500,27500
10850,2025-06-05,C1032,Customer_49,Electronics,Laptop,3,65000,195000
10851,2025-05-12,C1040,Customer_26,Office,Printer,5,15000,75000
10852,2025-04-17,C1069,Customer_84,Electronics,Phone,1,30000,30000
10853,2025-12-03,C1063,Customer_91,Furniture,Chair,4,5500,22000
10854,2025-06-24,C1026,Customer_59,Electronics,Phone,3,30000,90000
10855,2025-01-05,C1069,Customer_9,Electronics,Laptop,3,65000,195000
10856,2025-06-15,C1005,Customer_36,Office,Printer,5,15000,75000
10857,2025-05-30,C1026,Customer_91,Electronics,Phone,4,30000,120000
10858,2025-11-09,C1059,Customer_52,Electronics,Phone,5,30000,150000
10859,2025-04-15,C1008,Customer_24,Office,Printer,2,15000,30000
10860,2025-01-26,C1018,Customer_10,Office,Printer,1,15000,15000
10861,2025-01-08,C1093,Customer_72,Office,Printer,2,15000,30000
10862,2025-04-24,C1087,Customer_93,Electronics,Phone,4,30000,120000
10863,2025-10-01,C1021,Customer_19,Furniture,Chair,2,5500,11000
10864,2025-02-21,C1060,Customer_13,Electronics,Phone,5,30000,150000
10865,2025-01-26,C1054,Customer_29,Electronics,Phone,1,30000,30000
10866,2025-12-18,C1055,Customer_20,Furniture,Chair,4,5500,22000
10867,2025-01-22,C1021,Customer_58,Electronics,Laptop,2,65000,130000
10868,2025-10-26,C1041,Customer_91,Furniture,Chair,2,5500,11000
10869,2025-05-13,C1042,Customer_71,Electronics,Phone,3,30000,90000
10870,2025-12-07,C1030,Customer_51,Electronics,Phone,2,30000,60000
10871,2025-07-14,C1020,Customer_83,Electronics,Laptop,3,65000,195000
10872,2025-12-02,C1070,Customer_89,Furniture,Chair,2,5500,11000
10873,2025-08-26,C1020,Customer_94,Electronics,Laptop,2,65000,130000
10874,2025-06-20,C1087,Customer_52,Electronics,Phone,4,30000,120000
10875,2025-06-30,C1016,Customer_85,Electronics,Laptop,1,65000,65000
10876,2025-09-27,C1010,Customer_38,Electronics,Phone,5,30000,150000
10877,2025-01-10,C1097,Customer_64,Office,Printer,3,15000,45000
10878,2025-09-06,C1036,Customer_39,Electronics,Laptop,2,65000,130000
10879,2025-03-13,C1061,Customer_35,Electronics,Laptop,2,65000,130000
10880,2025-06-03,C1005,Customer_75,Electronics,Phone,5,30000,150000
10881,2025-06-26,C1025,Customer_20,Electronics,Laptop,1,65000,65000
10882,2025-03-30,C1043,Customer_45,Furniture,Chair,1,5500,5500
10883,2025-05-07,C1043,Customer_96,Office,Printer,4,15000,60000
10884,2025-02-26,C1039,Customer_9,Furniture,Chair,2,5500,11000
10885,2025-10-10,C1015,Customer_21,Office,Printer,1,15000,15000
10886,2025-01-19,C1005,Customer_6,Office,Printer,4,15000,60000
10887,2025-11-28,C1090,Customer_17,Electronics,Laptop,4,65000,260000
10888,2025-06-30,C1010,Customer_48,Office,Printer,5,15000,75000
10889,2025-03-28,C1085,Customer_12,Electronics,Phone,3,30000,90000
10890,2025-11-27,C1062,Customer_39,Furniture,Chair,1,5500,5500
10891,2025-02-18,C1014,Customer_31,Electronics,Phone,3,30000,90000
10892,2025-09-12,C1035,Customer_69,Electronics,Laptop,2,65000,130000
10893,2025-08-28,C1032,Customer_21,Electronics,Laptop,3,65000,195000
10894,2025-05-12,C1047,Customer_26,Electronics,Laptop,5,65000,325000
10895,2025-10-12,C1027,Customer_17,Furniture,Chair,4,5500,22000
10896,2025-09-14,C1031,Customer_13,Electronics,Phone,5,30000,150000
10897,2025-01-28,C1063,Customer_90,Electronics,Laptop,1,65000,65000
10898,2025-02-14,C1097,Customer_22,Electronics,Phone,2,30000,60000
10899,2025-01-16,C1055,Customer_51,Electronics,Phone,3,30000,90000
10900,2025-10-19,C1016,Customer_11,Electronics,Laptop,3,65000,195000
10901,2025-05-05,C1077,Customer_100,Electronics,Phone,2,30000,60000
10902,2025-02-07,C1077,Customer_44,Electronics,Laptop,2,65000,130000
10903,2025-04-21,C1080,Customer_99,Electronics,Laptop,1,65000,65000
10904,2025-06-25,C1011,Customer_98,Electronics,Phone,3,30000,90000
10905,2025-04-04,C1002,Customer_41,Office,Printer,5,15000,75000
10906,2025-01-17,C1012,Customer_32,Office,Printer,4,15000,60000
10907,2025-12-14,C1022,Customer_20,Electronics,Phone,5,30000,150000
10908,2025-04-15,C1026,Customer_29,Furniture,Chair,2,5500,11000
10909,2025-01-02,C1062,Customer_5,Furniture,Chair,1,5500,5500
10910,2025-06-18,C1009,Customer_97,Office,Printer,5,15000,75000
10911,2025-11-17,C1007,Customer_47,Electronics,Laptop,2,65000,130000
10912,2025-11-30,C1092,Customer_45,Office,Printer,1,15000,15000
10913,2025-12-11,C1099,Customer_96,Electronics,Phone,4,30000,120000
10914,2025-05-13,C1089,Customer_39,Office,Printer,2,15000,30000
10915,2025-12-15,C1076,Customer_22,Electronics,Laptop,4,65000,260000
10916,2025-11-24,C1066,Customer_39,Office,Printer,4,15000,60000
10917,2025-05-10,C1097,Customer_30,Electronics,Laptop,1,65000,65000
10918,2025-10-28,C1059,Customer_72,Electronics,Phone,2,30000,60000
10919,2025-10-22,C1088,Customer_91,Electronics,Phone,4,30000,120000
10920,2025-12-06,C1051,Customer_81,Electronics,Laptop,4,65000,260000
10921,2025-07-27,C1012,Customer_30,Furniture,Chair,4,5500,22000
10922,2025-08-07,C1040,Customer_1,Furniture,Chair,5,5500,27500
10923,2025-11-06,C1003,Customer_15,Furniture,Chair,4,5500,22000
10924,2025-07-30,C1078,Customer_39,Office,Printer,4,15000,60000
10925,2025-06-21,C1070,Customer_28,Office,Printer,2,15000,30000
10926,2025-07-21,C1060,Customer_80,Electronics,Laptop,3,65000,195000
10927,2025-06-21,C1012,Customer_35,Electronics,Laptop,3,65000,195000
10928,2025-07-28,C1085,Customer_69,Electronics,Phone,4,30000,120000
10929,2025-04-21,C1088,Customer_81,Electronics,Phone,1,30000,30000
10930,2025-04-05,C1050,Customer_35,Electronics,Laptop,4,65000,260000
10931,2025-07-05,C1022,Customer_29,Furniture,Chair,2,5500,11000
10932,2025-07-21,C1040,Customer_64,Furniture,Chair,5,5500,27500
10933,2025-11-07,C1025,Customer_21,Furniture,Chair,5,5500,27500
10934,2025-01-05,C1001,Customer_23,Office,Printer,5,15000,75000
10935,2025-08-21,C1073,Customer_85,Electronics,Laptop,2,65000,130000
10936,2025-12-13,C1013,Customer_71,Furniture,Chair,3,5500,16500
10937,2025-05-10,C1086,Customer_54,Office,Printer,2,15000,30000
10938,2025-11-16,C1043,Customer_57,Electronics,Laptop,5,65000,325000
10939,2025-07-05,C1040,Customer_85,Furniture,Chair,3,5500,16500
10940,2025-12-13,C1008,Customer_84,Office,Printer,5,15000,75000
10941,2025-07-06,C1089,Customer_3,Office,Printer,4,15000,60000
10942,2025-10-13,C1049,Customer_58,Electronics,Laptop,1,65000,65000
10943,2025-03-19,C1094,Customer_78,Furniture,Chair,5,5500,27500
10944,2025-06-16,C1062,Customer_18,Office,Printer,1,15000,15000
10945,2025-03-15,C1025,Customer_76,Electronics,Laptop,3,65000,195000
10946,2025-03-30,C1096,Customer_76,Electronics,Laptop,4,65000,260000
10947,2025-05-30,C1099,Customer_70,Furniture,Chair,2,5500,11000
10948,2025-10-08,C1053,Customer_84,Electronics,Laptop,4,65000,260000
10949,2025-09-10,C1091,Customer_47,Electronics,Laptop,4,65000,260000
10950,2025-03-24,C1074,Customer_64,Furniture,Chair,3,5500,16500
10951,2025-06-27,C1018,Customer_26,Electronics,Laptop,5,65000,325000
10952,2025-06-07,C1095,Customer_67,Electronics,Laptop,2,65000,130000
10953,2025-01-28,C1076,Customer_39,Electronics,Phone,3,30000,90000
10954,2025-12-22,C1024,Customer_35,Office,Printer,3,15000,45000
10955,2025-04-12,C1080,Customer_42,Furniture,Chair,4,5500,22000
10956,2025-02-25,C1088,Customer_34,Office,Printer,4,15000,60000
10957,2025-06-13,C1050,Customer_61,Furniture,Chair,4,5500,22000
10958,2025-04-15,C1080,Customer_58,Furniture,Chair,1,5500,5500
10959,2025-06-11,C1006,Customer_20,Office,Printer,2,15000,30000
10960,2025-08-29,C1085,Customer_72,Furniture,Chair,5,5500,27500
10961,2025-05-21,C1051,Customer_47,Office,Printer,1,15000,15000
10962,2025-05-28,C1081,Customer_16,Office,Printer,5,15000,75000
10963,2025-01-07,C1006,Customer_69,Furniture,Chair,4,5500,22000
10964,2025-11-05,C1047,Customer_34,Furniture,Chair,3,5500,16500
10965,2025-10-08,C1013,Customer_97,Electronics,Phone,1,30000,30000
10966,2025-06-07,C1022,Customer_83,Office,Printer,1,15000,15000
10967,2025-07-26,C1051,Customer_96,Electronics,Phone,1,30000,30000
10968,2025-07-20,C1064,Customer_44,Furniture,Chair,4,5500,22000
10969,2025-12-31,C1019,Customer_69,Furniture,Chair,2,5500,11000
10970,2025-03-10,C1028,Customer_44,Office,Printer,3,15000,45000
10971,2025-02-04,C1065,Customer_1,Electronics,Laptop,4,65000,260000
10972,2025-08-10,C1052,Customer_28,Electronics,Phone,5,30000,150000
10973,2025-03-19,C1029,Customer_86,Furniture,Chair,2,5500,11000
10974,2025-03-05,C1037,Customer_5,Electronics,Phone,5,30000,150000
10975,2025-03-09,C1083,Customer_91,Office,Printer,3,15000,45000
10976,2025-05-21,C1092,Customer_9,Office,Printer,5,15000,75000
10977,2025-04-20,C1029,Customer_40,Furniture,Chair,5,5500,27500
10978,2025-12-13,C1073,Customer_11,Electronics,Laptop,3,65000,195000
10979,2025-12-25,C1067,Customer_10,Furniture,Chair,1,5500,5500
10980,2025-04-22,C1001,Customer_59,Electronics,Laptop,3,65000,195000
10981,2025-05-21,C1065,Customer_8,Electronics,Phone,4,30000,120000
10982,2025-10-12,C1077,Customer_5,Office,Printer,5,15000,75000
10983,2025-08-28,C1015,Customer_62,Electronics,Laptop,5,65000,325000
10984,2025-11-19,C1044,Customer_43,Electronics,Phone,3,30000,90000
10985,2025-10-12,C1027,Customer_37,Electronics,Phone,2,30000,60000
10986,2025-03-30,C1004,Customer_65,Electronics,Laptop,2,65000,130000
10987,2025-07-11,C1009,Customer_81,Furniture,Chair,4,5500,22000
10988,2025-10-27,C1015,Customer_52,Furniture,Chair,1,5500,5500
10989,2025-10-29,C1053,Customer_29,Office,Printer,5,15000,75000
10990,2025-09-30,C1043,Customer_85,Electronics,Laptop,3,65000,195000
10991,2025-11-25,C1062,Customer_74,Furniture,Chair,1,5500,5500
10992,2025-08-21,C1088,Customer_91,Electronics,Phone,4,30000,120000
10993,2025-06-24,C1079,Customer_25,Office,Printer,2,15000,30000
10994,2025-03-26,C1037,Customer_98,Electronics,Laptop,4,65000,260000
10995,2025-09-22,C1003,Customer_57,Electronics,Phone,1,30000,30000
10996,2025-05-16,C1026,Customer_72,Electronics,Phone,2,30000,60000
10997,2025-11-10,C1093,Customer_3,Furniture,Chair,1,5500,5500
10998,2025-04-16,C1054,Customer_2,Electronics,Laptop,3,65000,195000
10999,2025-07-01,C1081,Customer_21,Furniture,Chair,5,5500,27500
11000,2025-06-06,C1014,Customer_6,Furniture,Chair,3,5500,16500
